{
  "$schema": "../node_modules/ts-archlint/dist/schema.json",
  "name": "technical_layers",
  "failOnUnassigned": false,
  "exclude": [
    "node_modules**",
    "**.spec.ts",
    "tools/modeler/bpmn/**",
    "material.module.ts",
    "../environments/**",
    "app.*.ts",
    "tools/import/services/import-domain-story.service.ts",
    "tools/modeler/services/initializer.service.ts",
    "tools/title/presentation/title-dialog/title-dialog.component.ts",
    "tools/export/presentation/export-dialog/export-dialog.component.ts",
    "tools/label-dictionary/presentation/label-dictionary-dialog/label-dictionary-dialog.component.ts",
    "domain/presentation/keyboard-shortcuts-dialog/keyboard-shortcuts/keyboard-shortcuts-dialog.component.ts"
  ],
  "artifacts": [
    {
      "name": "presentation",
      "include": [
        "**/presentation/**"
      ],
      "mayUseAllBelow": true
    },
    {
      "name": "directive",
      "include": [
        "**/directive/**"
      ],
      "mayUseAllBelow": true
    },
    {
      "name": "service",
      "include": [
        "**/services/**"
      ],
      "mayUseAllBelow": true
    },
    {
      "name": "domain",
      "include": [
        "**/domain/**"
      ],
      "mayUseAllBelow": true
    },
    {
      "name": "entities",
      "include": [
        "**/entities/**"
      ],
      "mayUseAllBelow": true
    },
    {
      "name": "utils",
      "include": [
        "utils/**"
      ],
      "mayUseAllBelow": true
    }
  ]
}
